{
  "mean_IS_bps": {
    "A2C": -28.365345791614974,
    "AlmgrenChriss": -1.7750766761354417,
    "DQN": -335.52509250907246,
    "DoubleDQN": -440.2478840089932,
    "POV": -32.00768000929778,
    "PPO": -164.62196432898614,
    "Random": 6.413436882736876,
    "SAC": -103.52383423642189,
    "TWAP": -35.0436291685173,
    "VWAP": -37.42004353240837
  },
  "best_rl": "DoubleDQN",
  "win_rates": {
    "TWAP": 9,
    "VWAP": 9,
    "Random": 9,
    "POV": 9,
    "AlmgrenChriss": 9
  },
  "n_regimes": 9
}